price,ema,volume,volume_ema,klinger,rsi,signal
0.017011,0.017020,212,205,4.0,45.26,1
0.017016,0.017020,355,218,11.0,47.42,1
0.017033,0.017021,140,208,13.0,54.06,1
0.017031,0.017022,271,206,16.0,53.21,1
0.017044,0.017024,84,184,15.0,57.85,1
0.017036,0.017025,95,171,11.0,54.28,1
0.017035,0.017026,153,165,7.0,53.83,1
0.017044,0.017028,179,164,9.0,57.25,1
0.017052,0.017032,81,157,9.0,60.13,1
0.017071,0.017036,228,162,12.0,66.26,1
0.017078,0.017040,288,170,14.0,68.20,1
0.017209,0.017056,2816.0,306,63.0,85.28,2
0.017279,0.017077,1830.0,390,82.0,88.75,2
0.017311,0.017099,2381.0,502,105.0,89.92,2
0.017272,0.017116,976,533,60.0,79.11,1
0.017284,0.017132,563,555,52.0,79.91,1
0.017425,0.017160,4647.0,784,121.0,86.47,1
0.017377,0.017181,1726.0,867,55.0,77.23,0
0.017369,0.017198,1557.0,933,6.0,75.77,1
0.017408,0.017232,1578.0,1013,9.0,76.69,1
0.017291,0.017238,1212.0,1066,-24.0,59.26,0
0.017290,0.017243,689,1087,-40.0,59.14,1
0.017310,0.017249,753,1121,-26.0,60.90,1
0.017344,0.017258,788,1155,-14.0,63.75,1
0.017305,0.017263,396,1168,-25.0,58.48,1
0.017297,0.017266,467,1182,-36.0,57.43,1
0.017285,0.017268,233,119,-40.0,55.81,1
0.017321,0.017273,223,1197,-33.0,59.50,1
0.017267,0.017274,518,1209,-44.0,52.23,1
0.017261,0.017272,447,1091,-47.0,51.44,1
0.017218,0.017267,396,1019,-49.0,46.10,1
0.017215,0.017262,468,924,-51.0,45.74,1
0.017204,0.017257,968,923,-25.0,44.39,1
0.017242,0.017254,364,704,-6.0,49.97,1
0.017240,0.017252,539,645,3.0,49.67,1
0.017260,0.017252,1350.0,634,-19.0,49.49,1
0.017259,0.017252,173,564,-14.0,52.49,1
0.017253,0.017253,210,514,-16.0,51.45,1
0.017255,0.017253,349,497,-21.0,51.79,1
0.017282,0.017256,404,480,-10.0,56.27,1
0.017253,0.017255,350,458,-16.0,50.81,1
0.017240,0.017254,560,466,-24.0,48.54,1
0.017244,0.017253,324,459,-24.0,49.29,1
0.017240,0.017252,352,465,-26.0,48.53,1
0.017253,0.017252,552,481,-9.0,51.17,1
0.017266,0.017253,219,480,-3.0,53.73,1
0.017270,0.017255,137,449,-2.0,54.38,1
0.017262,0.017256,151,421,-4.0,52.68,1
0.017263,0.017256,151,421,-4.0,52.68,1
0.017252,0.017256,139,379,-5.0,49.88,1
0.017259,0.017256,182,365,-6.0,51.65,1
0.017262,0.017257,112,353,-2.0,52.42,1
0.017226,0.017254,308,341,-5.0,43.46,1
0.017225,0.017251,257,324,-8.0,43.23,1
0.017242,0.017250,170,265,0.0,48.07,1
0.017243,0.017250,292,271,6.0,48.35,1
0.017231,0.017248,158,268,4.0,45.21,1
0.017211,0.017244,139,258,2.0,40.50,1
0.017202,0.017240,225,249,0.0,38.55,1
0.017226,0.017237,246,226,10.0,46.24,1
0.017233,0.017236,271,223,14.0,48.35,1
0.017220,0.017235,275,219,8.0,44.83,1
0.017238,0.017235,354,209,15.0,50.23,1
0.017236,0.017235,185,208,9.0,49.65,1
0.017231,0.017235,657,230,-3.0,48.15,1
0.017212,0.017233,1043.0,275,-21.0,42.85,1
0.017233,0.017233,610,299,-3.0,49.47,1
0.017271,0.017236,1714.0,377,35.0,58.74,1
0.017208,0.017233,688,403,16.0,44.48,1
0.017210,0.017231,398,417,7.0,44.94,1
0.017223,0.017230,338,418,13.0,47.94,1
0.017230,0.017230,369,424,18.0,49.53,1
0.017227,0.017230,308,431,8.0,48.84,1
0.017230,0.017229,486,452,10.0,49.80,1
0.017224,0.017228,201,456,4.0,48.26,1
0.017231,0.017229,191,454,8.0,50.20,1
0.017226,0.017228,362,462,0.0,48.79,1
0.017227,0.017228,184,459,3.0,49.10,1
0.017236,0.017229,223,456,7.0,51.89,1
0.017244,0.017230,360,461,13.0,54.30,1
0.017257,0.017233,136,450,13.0,57.97,1
0.017270,0.017239,528,443,20.0,61.56,1
0.017271,0.017242,999.0,441,34.0,61.83,1
0.017270,0.017244,1214.0,472,2.0,61.37,1
0.017274,0.017249,251,429,-7.0,62.66,1
0.017271,0.017251,337,412,-12.0,61.01,1
0.017278,0.017254,252,404,-5.0,63.44,1
0.017314,0.017260,1048.0,440,15.0,72.82,1
0.017308,0.017264,381,440,4.0,69.61,1
0.017286,0.017266,419,446,-6.0,59.30,1
0.017304,0.017270,287,441,0.0,64.00,1
0.017335,0.017281,249,434,8.0,70.53,1
0.017293,0.017285,310,448,-11.0,54.78,1
0.017301,0.017286,11783.0,1028,208.0,56.82,1
0.017285,0.017286,863,106,142.0,51.79,1
0.017272,0.017285,602,1274,27.0,50.98,1
0.017278,0.017284,871,1308,-3.0,49.78,1
0.017308,0.017286,1222.0,1342,13.0,57.83,1
0.017323,0.017290,537,1319,13.0,61.18,1
0.017336,0.017294,882,1303,-14.0,63.87,1
0.017328,0.017297,830,1306,-3.0,61.07,1
0.017309,0.017299,574,1322,-21.0,54.92,1
0.017322,0.017301,295,1320,-19.0,58.04,1
0.017313,0.017302,349,1325,-28.0,55.19,1
0.017290,0.017301,369,1291,-36.0,48.64,1
0.017285,0.017299,426,1293,-43.0,47.32,1
0.017282,0.017295,761,1313,-27.0,47.18,1
0.017291,0.017295,275,1312,-21.0,49.80,1
0.017300,0.017295,303,1315,-15.0,52.35,1
0.017293,0.017295,302,1318,-15.0,50.53,1
0.017305,0.017296,3152.0,887,42.0,53.93,1
0.017290,0.017295,139,850,25.0,48.98,1
0.017261,0.017292,5018.0,893,-78.0,41.12,1
0.017263,0.017289,278,877,-71.0,41.81,1
0.017272,0.017288,318,849,-52.0,44.96,1
0.017262,0.017285,323,804,-50.0,42.23,1
0.017260,0.017283,288,792,-46.0,41.68,1
0.017278,0.017282,292,762,-32.0,48.17,1
0.017284,0.017282,162,729,-22.0,50.15,1
0.017296,0.017284,576,729,-7.0,53.96,1
0.017274,0.017283,186,723,-10.0,46.89,1
0.017268,0.017281,126,706,-12.0,45.03,1
0.017255,0.017277,334,693,-9.0,40.95,1
0.017264,0.017276,277,669,-2.0,44.70,1
0.017277,0.017276,147,662,3.0,49.67,1
0.017282,0.017276,147,655,5.0,51.48,1
0.017349,0.017283,687,659,18.0,68.04,2
0.017423,0.017307,749,636,57.0,77.40,1
0.017426,0.017318,377,648,36.0,77.70,1
0.017417,0.017328,397,417,34.0,74.50,1
0.017410,0.017336,533,430,15.0,72.01,1
0.017411,0.017343,299,429,4.0,72.15,1
0.017449,0.017353,440,435,9.0,76.97,1
0.017477,0.017365,973,469,22.0,79.75,1
0.017480,0.017376,1384.0,524,40.0,80.03,1
0.017500,0.017388,944,563,45.0,81.82,1
0.017315,0.017381,1324.0,600,7.0,43.20,1
0.017366,0.017379,1563.0,669,-28.0,50.18,1
0.017378,0.017379,680,691,-13.0,51.68,1
0.017377,0.017379,310,700,-8.0,51.54,1
0.017352,0.017376,337,708,-16.0,48.05,1
0.017337,0.017373,1029.0,743,-35.0,46.03,1
0.017404,0.017376,724,765,-17.0,55.10,1
0.017434,0.017381,813,798,0.0,58.47,1
0.017457,0.017396,346,804,10.0,60.31,1
0.017385,0.017395,3496.0,866,-59.0,50.17,1
0.017457,0.017401,2763.0,967,2.0,57.81,1
0.017458,0.017406,667,981,-13.0,57.91,1
0.017468,0.017412,431,983,-4.0,58.92,1
0.017479,0.017418,544,984,-14.0,60.06,1
0.017487,0.017425,487,993,-5.0,60.90,1
0.017484,0.017431,322,987,1.0,60.39,1
0.017488,0.017436,914,984,16.0,60.86,1
0.017487,0.017441,189,924,7.0,60.67,1
0.017506,0.017447,501,902,13.0,63.11,1
0.017478,0.017450,370,854,1.0,57.45,1
0.017487,0.017454,307,792,-7.0,58.73,1
0.017477,0.017456,925,804,-24.0,56.69,0
0.017456,0.017456,714,824,-33.0,52.55,0
0.017438,0.017454,183,816,-30.0,49.24,1
0.017431,0.017452,275,779,-29.0,47.97,1
0.017354,0.017436,1031.0,805,-51.0,36.56,1
0.017347,0.017428,503,800,-48.0,35.68,1
0.017393,0.017424,615,813,-24.0,44.99,1
0.017360,0.017418,271,652,-21.0,40.47,1
0.017373,0.017414,532,540,-24.0,42.90,1
0.017342,0.017401,230,512,-16.0,38.81,1
0.017372,0.017398,418,506,0.0,44.71,1
0.017369,0.017395,274,495,8.0,44.25,1
0.017361,0.017392,168,488,8.0,42.99,1
0.017357,0.017388,549,469,19.0,47.10,1
0.017386,0.017388,153,451,23.0,48.55,1
0.017350,0.017382,124,434,15.0,41.93,1
0.017322,0.017377,458,410,7.0,37.48,1
0.017353,0.017374,460,398,17.0,44.50,1
0.017360,0.017373,345,406,23.0,45.98,1
0.017370,0.017373,897,437,37.0,48.10,1
0.017390,0.017374,315,401,38.0,52.15,1
0.017395,0.017376,438,372,39.0,53.14,1
0.017421,0.017381,711,382,45.0,57.98,1
0.017418,0.017384,199,361,39.0,57.24,1
0.017397,0.017385,265,361,26.0,52.25,1
0.017408,0.017388,220,345,16.0,54.49,1
0.017393,0.017388,220,338,2.0,50.99,1
0.017391,0.017389,325,333,-4.0,50.49,1
0.017389,0.017389,729,355,12.0,49.92,1
0.017388,0.017389,129,353,6.0,49.62,1
0.017395,0.017389,620,356,16.0,51.80,1
0.017389,0.017390,552,408,9.0,49.66,1
0.017388,0.017390,1202.0,462,-17.0,49.30,1
0.017389,0.017390,268,452,-9.0,49.70,1
0.017388,0.017389,708,465,-21.0,49.28,1
0.017396,0.017390,428,469,-10.0,52.70,1
0.017392,0.017390,239,436,-13.0,50.85,1
0.017391,0.017390,167,428,-13.0,50.38,1
0.017401,0.017391,5820.0,698,96.0,54.91,1
0.017405,0.017393,152,670,76.0,56.62,1
0.017388,0.017392,351,677,50.0,48.26,1
0.017406,0.017394,335,681,41.0,55.72,1
0.017399,0.017394,277,684,33.0,52.54,1
0.017388,0.017393,337,692,14.0,47.93,1
0.017387,0.017393,538,708,-4.0,47.52,1
0.017363,0.017390,305,707,-15.0,38.93,1
0.017348,0.017386,527,726,-26.0,34.71,1
0.017345,0.017382,286,704,-30.0,33.92,1
0.017367,0.017381,474,721,-20.0,44.01,2
0.017374,0.017380,132,696,-17.0,46.79,0
0.017372,0.017379,120,661,-16.0,46.09,1
0.017375,0.017379,150,641,-13.0,47.37,1
0.017420,0.017383,283,595,-9.0,61.97,2
0.017439,0.017388,537,608,-1.0,66.23,2
0.017444,0.017393,389,592,3.0,67.27,1
0.017441,0.017398,184,580,-5.0,65.96,1
0.017440,0.017402,564,596,-18.0,65.50,1
0.017432,0.017405,761,626,-32.0,61.80,1
0.017435,0.017408,130,342,-26.0,62.65,1
0.017422,0.017409,142,341,-26.0,56.74,1
0.017426,0.017411,141,331,-24.0,58.05,1
0.017429,0.017412,286,328,-16.0,59.06,1
0.017420,0.017413,557,342,-25.0,54.83,1
0.017436,0.017418,152,323,-10.0,63.53,1
0.017465,0.017423,176,316,-6.0,68.13,1
0.017458,0.017426,423,311,2.0,64.71,1
0.017452,0.017429,155,305,-2.0,61.85,1
0.017454,0.017433,189,292,-2.0,62.49,1
0.017480,0.017438,1137.0,343,19.0,69.64,1
0.017491,0.017443,175,344,17.0,72.07,1
0.017478,0.017446,258,343,7.0,65.41,1
0.017489,0.017450,612,347,-7.0,68.10,1
0.017460,0.017451,551,355,-17.0,55.80,0
0.017413,0.017447,683,380,-27.0,42.43,0
0.017449,0.017448,3593.0,531,-88.0,51.93,1
0.017476,0.017450,357,511,-61.0,57.58,1
0.017437,0.017449,1107.0,560,-67.0,48.68,0
0.017423,0.017447,281,567,-55.0,45.93,1
0.017378,0.017440,1071.0,613,-58.0,38.43,0
0.017366,0.017433,544,626,-51.0,36.70,1
0.017372,0.017427,288,613,-29.0,38.20,1
0.017377,0.017422,445,618,-8.0,39.48,1
0.017362,0.017411,155,627,4.0,37.74,1
0.017393,0.017409,516,632,19.0,45.52,1
0.017392,0.017408,401,644,28.0,45.32,1
0.017386,0.017406,151,643,26.0,44.09,1
0.017366,0.017402,284,648,21.0,40.17,1
0.017373,0.017399,143,598,19.0,42.11,1
0.017375,0.017397,140,597,23.0,42.68,1
0.017377,0.017395,91,588,24.0,43.29,1
0.017381,0.017394,140,565,27.0,44.54,1
0.017376,0.017392,151,545,23.0,43.25,1
0.017372,0.017390,120,517,20.0,42.20,1
0.017353,0.017386,191,347,16.0,37.52,1
0.017358,0.017384,164,337,14.0,39.43,1
0.017372,0.017383,110,287,16.0,44.52,1
0.017397,0.017384,1392.0,343,42.0,52.24,2
0.017406,0.017386,108,294,38.0,54.69,1
0.017438,0.017391,567,296,43.0,62.11,22
0.017430,0.017395,287,295,40.0,59.49,1
0.017443,0.017402,282,285,36.0,62.48,1
0.017452,0.017407,648,310,40.0,64.43,1
0.017429,0.017410,803,315,5.0,53.82,1
0.017400,0.017409,428,329,-4.0,47.76,0
0.017416,0.017410,276,328,1.0,52.18,1
0.017347,0.017404,1816.0,412,-33.0,37.46,0
0.017346,0.017398,364,423,-20.0,37.30,1
0.017318,0.017391,940,466,-33.0,32.94,1
0.017344,0.017386,332,475,-19.0,39.95,1
0.017325,0.017375,298,491,-20.0,36.60,1
0.017334,0.017371,228,492,-10.0,39.65,1
0.017326,0.017367,251,497,-2.0,38.21,1
0.017320,0.017362,206,502,-3.0,37.12,1
0.017314,0.017353,498,466,-13.0,37.76,1
0.017302,0.017348,381,457,-1.0,35.57,1
0.017307,0.017344,2839.0,584,-51.0,37.20,1
0.017310,0.017338,220,596,-21.0,38.24,1
0.017327,0.017337,1108.0,619,7.0,44.15,1
0.017317,0.017335,170,617,12.0,41.63,1
0.017305,0.017332,221,587,9.0,38.77,1
0.017297,0.017329,6265.0,879,-105.0,36.94,1
0.017300,0.017326,2429.0,987,-33.0,38.12,1
0.017310,0.017322,4712.0,1410,-6.0,42.28,1
0.017301,0.017320,303,1378,-3.0,39.69,1
0.017304,0.017319,302,1376,0.0,40.99,1
0.017305,0.017317,409,1383,16.0,41.44,1
0.017311,0.017317,425,1389,28.0,44.20,1
0.017313,0.017316,301,1393,23.0,45.13,1
0.017302,0.017315,355,1398,32.0,41.08,1
0.017312,0.017315,313,1419,34.0,46.20,1
0.017320,0.017316,652,1427,45.0,49.40,1
0.017311,0.017315,342,1425,34.0,46.08,1
0.017322,0.017316,479,1307,39.0,50.46,1
0.017309,0.017315,173,1286,32.0,45.73,1
0.017303,0.017314,149,1282,27.0,43.69,1
0.017305,0.017313,154,1234,21.0,44.58,1
0.017306,0.017313,247,1238,24.0,45.04,1
0.017304,0.017312,181,1236,18.0,44.24,1
0.017305,0.017311,190,932,21.0,44.77,1
0.017292,0.017309,300,826,13.0,39.53,1
0.017300,0.017308,707,565,24.0,43.88,1
0.017295,0.017307,236,341,17.0,41.85,1
0.017272,0.017304,710,362,1.0,34.05,1
0.017277,0.017301,393,366,-5.0,36.81,1
0.017267,0.017298,152,353,-5.0,33.77,1
0.017278,0.017296,471,356,6.0,39.67,1
0.017263,0.017293,264,354,2.0,35.08,1
0.017278,0.017292,127,343,5.0,42.28,1
0.017266,0.017289,212,323,1.0,38.59,1
0.017269,0.017287,1155.0,365,-19.0,40.00,1
0.017292,0.017288,583,361,-3.0,49.55,1
0.017289,0.017288,365,362,6.0,48.47,1
0.017343,0.017293,511,364,16.0,63.81,2
0.017338,0.017297,324,372,20.0,61.97,1
0.017353,0.017303,1024.0,415,35.0,65.21,2
0.017371,0.017309,357,425,34.0,68.66,2
0.017399,0.017318,3091.0,568,82.0,73.13,1
0.017423,0.017328,3284.0,723,124.0,76.25,1
0.017422,0.017337,615,744,81.0,75.86,1
0.017430,0.017346,456,752,67.0,76.89,1
0.017460,0.017356,650,749,58.0,80.30,1
0.017459,0.017366,517,763,47.0,79.87,1
0.017463,0.017375,287,742,35.0,80.32,1
0.017495,0.017387,649,755,31.0,83.47,1
0.017503,0.017406,899,804,28.0,81.08,1
0.017520,0.017417,397,810,19.0,82.67,1
0.017527,0.017428,432,825,11.0,83.29,1
0.017524,0.017437,232,826,-7.0,81.93,1
0.017550,0.017448,611,799,-6.0,84.32,1
0.017563,0.017459,681,804,-3.0,85.36,1
0.017591,0.017480,405,806,-23.0,87.45,1
0.017595,0.017491,381,809,-22.0,87.72,1
0.017583,0.017510,384,767,-29.0,84.32,1
0.017615,0.017520,276,627,-28.0,84.89,1
0.017635,0.017531,1024.0,514,-14.0,86.43,1
0.017655,0.017543,469,506,-13.0,87.77,1
0.017676,0.017556,837,525,-5.0,89.00,1
0.017599,0.017560,1541.0,570,-43.0,63.71,0
0.017580,0.017562,531,571,-54.0,59.24,0
0.017574,0.017563,353,574,-58.0,57.86,1
0.017585,0.017565,348,559,-47.0,59.71,1
0.017608,0.017569,253,536,-40.0,63.35,1
0.017607,0.017573,455,514,-31.0,63.08,1
0.017632,0.017582,282,502,-30.0,67.01,1
0.017627,0.017586,400,510,-23.0,65.47,1
0.017643,0.017592,207,490,-20.0,68.00,1
0.017637,0.017596,268,469,-17.0,66.05,1
0.017625,0.017603,272,453,-20.0,65.62,1
0.017644,0.017608,517,460,-11.0,67.45,1
0.017670,0.017614,479,475,-5.0,69.81,1
0.017694,0.017622,707,491,4.0,73.17,1
0.017707,0.017630,1160.0,536,19.0,74.81,1
0.017738,0.017640,1486.0,559,37.0,78.21,0
0.017728,0.017648,1137.0,592,44.0,74.70,1
0.017713,0.017655,2428.0,672,-17.0,69.65,1
0.017719,0.017661,2097.0,700,18.0,70.51,1
0.017682,0.017663,1356.0,741,-18.0,59.36,1
0.017634,0.017660,3878.0,927,-102.0,48.15,1
0.017613,0.017656,1564.0,993,-112.0,44.13,1
0.017609,0.017651,2021.0,1071,-128.0,43.39,1
0.017655,0.017652,654,1089,-89.0,53.15,1
0.017624,0.017649,591,1105,-80.0,47.24,1
0.017622,0.017646,525,1111,-71.0,46.88,1
0.017594,0.017641,569,1129,-62.0,42.02,1
0.017554,0.017633,519,1141,-55.0,36.24,1
0.017513,0.017622,1245.0,1188,-61.0,31.47,1
0.017540,0.017614,405,1195,-34.0,37.32,1
0.017543,0.017607,767,1207,-6.0,37.96,1
0.017558,0.017602,366,1201,8.0,41.17,1
0.017543,0.017597,749,1204,27.0,39.00,1
0.017552,0.017593,339,1163,34.0,41.01,1
0.017579,0.017591,558,1116,43.0,46.68,1
0.017600,0.017592,415,1080,46.0,50.66,1
0.017633,0.017596,471,982,50.0,56.19,1
0.017584,0.017595,398,897,36.0,47.65,1
0.017608,0.017596,165,838,29.0,51.53,1
0.017587,0.017595,291,824,21.0,48.17,1
0.017588,0.017595,371,649,13.0,48.34,1
0.017597,0.017596,480,516,30.0,49.87,1
0.017613,0.017597,506,509,35.0,52.78,1
0.017621,0.017600,225,491,34.0,54.21,1
0.017606,0.017600,463,488,20.0,51.08,1
0.017598,0.017600,370,478,10.0,49.45,1
0.017589,0.017598,286,458,-11.0,47.59,1
0.017599,0.017598,306,453,-1.0,49.99,1
0.017635,0.017602,967,463,19.0,57.55,1
0.017637,0.017605,489,469,25.0,57.93,1
0.017640,0.017608,214,442,25.0,58.53,1
0.017652,0.017612,340,442,28.0,60.93,1
0.017660,0.017617,416,435,30.0,62.49,1
0.017655,0.017621,296,429,19.0,60.85,1
0.017635,0.017622,241,418,10.0,54.69,1
0.017641,0.017624,335,415,2.0,56.13,1
0.017661,0.017627,540,433,12.0,60.61,1
0.017634,0.017628,430,440,1.0,52.77,1
0.017615,0.017627,438,444,-7.0,48.06,1
0.017592,0.017623,571,450,-16.0,43.06,1
0.017606,0.017622,640,458,0.0,46.70,1
0.017620,0.017622,810,473,14.0,50.13,1
0.017596,0.017619,226,473,7.0,44.80,1
0.017603,0.017618,340,467,-1.0,46.59,1
0.017605,0.017616,235,460,-5.0,47.11,1
0.017609,0.017615,226,420,-2.0,48.29,1
0.017600,0.017613,551,433,8.0,45.81,1
0.017601,0.017612,198,394,3.0,46.14,1
0.017586,0.017610,637,401,-10.0,42.00,0
0.017568,0.017606,957,439,-24.0,37.64,0
0.017586,0.017601,363,425,-9.0,44.35,1
0.017577,0.017598,268,423,-11.0,41.92,1
0.017500,0.017582,632,614,-45.0,27.75,1
0.017503,0.017574,1197.0,647,-54.0,28.83,1
0.017500,0.017567,348,643,-32.0,28.37,1
0.017494,0.017560,314,636,-27.0,27.44,2
0.017516,0.017556,357,626,-9.0,35.77,2
0.017524,0.017553,802,634,13.0,38.53,1
0.017521,0.017547,1134.0,650,41.0,37.87,1
0.017515,0.017544,216,644,32.0,36.43,1
0.017520,0.017542,266,645,24.0,38.53,1
0.017560,0.017543,339,645,29.0,52.15,1
0.017591,0.017548,578,662,36.0,59.62,1
0.017593,0.017552,476,659,40.0,60.05,1
0.017604,0.017557,233,660,38.0,62.44,1
0.017597,0.017561,628,660,19.0,59.98,1
0.017598,0.017565,374,631,10.0,60.23,1
0.017611,0.017569,177,634,13.0,63.31,1
0.017635,0.017575,732,652,25.0,68.22,1
0.017653,0.017583,356,657,26.0,71.32,1
0.017625,0.017587,490,494,12.0,61.31,1
0.017629,0.017591,270,476,4.0,62.12,1
0.017626,0.017594,192,425,0.0,61.08,1
0.017639,0.017598,311,423,5.0,63.91,1
0.017619,0.017600,942,455,-12.0,57.04,0
0.017602,0.017600,911,482,-26.0,51.93,0
0.017591,0.017600,355,460,-27.0,48.88,1
0.017586,0.017598,296,464,-25.0,47.52,1
0.017600,0.017598,358,425,-11.0,51.60,1
0.017585,0.017597,605,444,-18.0,47.35,1
0.017570,0.017595,297,446,-18.0,43.49,1
0.017579,0.017593,194,439,-8.0,46.32,1
0.017569,0.017591,326,426,-10.0,43.70,1
0.017550,0.017587,1647.0,485,-35.0,39.18,1
0.017551,0.017583,218,484,-21.0,39.54,1
0.017503,0.017573,731,501,-28.0,29.84,1
0.017515,0.017567,543,520,-28.0,34.19,1
0.017505,0.017562,491,508,-26.0,32.39,1
0.017516,0.017557,343,507,-9.0,36.36,1
0.017542,0.017556,634,514,11.0,44.63,1
0.017545,0.017555,309,516,19.0,45.51,1
0.017548,0.017554,273,520,25.0,46.43,1
0.017556,0.017554,243,517,29.0,48.90,1
0.017555,0.017554,515,495,36.0,48.59,1
0.017541,0.017554,563,475,22.0,44.57,1
0.017544,0.017553,225,471,16.0,45.60,1
0.017552,0.017552,303,476,31.0,48.52,1
0.017579,0.017555,216,478,31.0,57.40,1
0.017575,0.017557,210,473,29.0,55.83,1
0.017555,0.017559,296,453,29.0,48.21,1
0.017554,0.017558,148,430,20.0,47.86,1
0.017548,0.017557,141,400,12.0,45.71,1
0.017538,0.017555,411,393,1.0,42.29,1
0.017543,0.017553,276,461,-23.0,44.58,1
0.017535,0.017551,663,462,-30.0,41.64,1
0.017543,0.017551,1287.0,511,0.0,45.51,1
0.017555,0.017551,261,511,5.0,50.79,1
0.017545,0.017550,202,508,0.0,46.73,1
0.017535,0.017549,279,497,-5.0,43.02,1
0.017542,0.017548,813,523,11.0,46.24,1
0.017537,0.017546,524,524,-7.0,44.31,1
0.017536,0.017544,219,552,9.0,43.98,1
0.017535,0.017543,298,556,1.0,43.47,1
0.017536,0.017542,5384.0,815,99.0,44.17,1
0.017540,0.017542,658,789,86.0,46.97,1
0.017524,0.017540,708,810,34.0,38.12,1
0.017489,0.017535,225,814,17.0,26.37,1
0.017492,0.017531,330,810,1.0,28.41,1
0.017499,0.017528,172,724,-2.0,33.06,1
0.017511,0.017526,177,719,-4.0,40.24,1
0.017521,0.017526,406,706,-2.0,45.48,1
0.017577,0.017531,644,674,5.0,64.34,2
0.017614,0.017539,756,699,11.0,71.39,1
0.017610,0.017545,329,705,8.0,69.78,1
0.017622,0.017553,132,697,1.0,71.83,1
0.017589,0.017561,359,685,-11.0,59.30,1
0.017585,0.017564,174,668,-19.0,57.95,1
0.017580,0.017565,167,610,-25.0,56.23,1
0.017562,0.017565,259,603,-31.0,50.42,1
0.017541,0.017563,265,606,-36.0,44.63,1
0.017560,0.017562,164,599,-31.0,50.20,1
0.017556,0.017561,215,319,-29.0,49.18,1
0.017554,0.017560,581,340,-38.0,48.57,1
0.017519,0.017556,201,314,-38.0,39.40,1
0.017565,0.017557,617,334,-22.0,52.18,2
0.017579,0.017562,124,324,-15.0,57.19,1
0.017577,0.017563,368,334,-22.0,54.13,1
0.017575,0.017565,183,323,-23.0,53.57,1
0.017606,0.017571,116,270,-13.0,60.51,1
0.017586,0.017573,148,261,-16.0,54.52,1
0.017601,0.017576,153,262,-11.0,57.89,1
0.017606,0.017578,77,240,-9.0,58.98,1
0.017622,0.017583,167,231,-6.0,62.34,1
0.017585,0.017583,229,234,-11.0,51.78,1
0.017621,0.017586,164,233,-6.0,59.05,1
0.017653,0.017593,518,246,3.0,64.21,1
0.017704,0.017603,841,275,16.0,70.58,1
0.017681,0.017611,536,294,1.0,64.97,1
0.017742,0.017623,370,301,6.0,71.45,1
0.017746,0.017635,1432.0,362,29.0,71.82,1
0.017707,0.017642,368,351,14.0,63.25,1
0.017687,0.017646,192,351,5.0,59.34,1
0.017701,0.017651,491,345,10.0,61.15,1
0.017735,0.017659,341,352,12.0,65.20,1
0.017691,0.017662,1101.0,401,-14.0,56.93,1
0.017704,0.017666,171,391,-10.0,58.60,1
0.017734,0.017673,229,393,-6.0,62.24,1
0.017752,0.017680,293,397,-2.0,64.27,1
0.017746,0.017687,228,402,-9.0,63.05,1
0.017741,0.017697,183,403,-11.0,61.95,1
0.017760,0.017703,872,443,5.0,64.56,1
0.017754,0.017708,193,444,-1.0,63.09,1
0.017774,0.017714,350,450,3.0,65.88,1
0.017799,0.017722,685,476,13.0,69.03,1
0.017788,0.017728,754,488,-6.0,66.14,1
0.017804,0.017736,706,481,6.0,68.23,1
0.017775,0.017739,547,482,-8.0,60.90,0
0.017770,0.017742,256,476,-13.0,59.71,1
0.017752,0.017743,769,443,-27.0,55.50,1
0.017753,0.017744,168,433,-26.0,55.69,1
0.017760,0.017746,322,439,-15.0,57.05,1
0.017699,0.017741,1159.0,473,-34.0,44.29,0
0.017709,0.017738,225,467,-31.0,46.41,1
0.017696,0.017734,564,440,-35.0,44.07,1
0.017668,0.017728,505,457,-36.0,39.45,1
0.017691,0.017724,288,460,-22.0,44.59,1
0.017693,0.017721,213,456,-12.0,45.02,1
0.017702,0.017718,497,489,13.0,47.08,1
0.017720,0.017718,794,519,26.0,51.24,2
0.017725,0.017718,156,494,26.0,52.41,1
0.017711,0.017718,176,485,17.0,48.94,1
0.017700,0.017716,267,464,9.0,46.34,1
0.017686,0.017713,114,432,5.0,43.19,1
0.017707,0.017712,270,410,9.0,48.80,1
0.017697,0.017711,116,381,5.0,46.28,1
0.017715,0.017711,210,353,8.0,51.18,1
0.017720,0.017712,173,353,9.0,52.47,1
0.017727,0.017713,287,352,11.0,54.30,1
0.017784,0.017720,1049.0,346,28.0,65.84,1
0.017765,0.017724,325,351,15.0,60.37,1
0.017769,0.017729,193,332,14.0,61.10,1
0.017749,0.017730,343,324,3.0,55.57,1
0.017733,0.017731,157,318,-1.0,51.55,1
0.017741,0.017732,112,313,0.0,53.37,1
0.017753,0.017735,291,283,1.0,56.22,1
0.017757,0.017737,288,258,4.0,57.16,1
0.017744,0.017737,186,247,-1.0,53.16,1
0.017747,0.017741,135,240,-4.0,53.68,1
0.017754,0.017742,78,230,-3.0,55.89,1
0.017738,0.017741,491,250,-12.0,50.03,0
0.017747,0.017742,199,254,-7.0,53.01,1
0.017730,0.017741,697,278,-19.0,47.28,0
0.017719,0.017739,370,290,-14.0,44.28,1
0.017703,0.017735,199,248,-14.0,40.16,1
0.017721,0.017734,84,236,-10.0,46.23,1
0.017714,0.017732,181,235,-10.0,44.34,1
0.017707,0.017730,224,229,-11.0,42.48,1
0.017716,0.017728,380,240,-16.0,45.64,2
0.017730,0.017729,131,241,-8.0,50.23,2
0.017736,0.017730,401,251,-7.0,52.05,1
0.017750,0.017734,256,247,5.0,55.99,1
0.017779,0.017738,440,256,13.0,63.55,1
0.017765,0.017741,154,259,9.0,58.34,1
0.017767,0.017743,214,266,4.0,58.86,1
0.017762,0.017745,184,268,8.0,56.95,1
0.017756,0.017746,117,270,5.0,54.66,1
0.017770,0.017748,216,256,9.0,58.82,1
0.017760,0.017751,161,227,7.0,54.86,1
0.017750,0.017751,281,225,1.0,50.96,0
0.017741,0.017750,185,216,-2.0,47.68,0
0.017744,0.017749,445,228,7.0,48.86,1
0.017740,0.017748,229,235,2.0,47.33,1
0.017731,0.017747,462,249,-6.0,43.98,1
0.017742,0.017746,143,245,-1.0,48.75,1
0.017746,0.017746,169,244,6.0,50.66,1
0.017737,0.017745,286,238,10.0,46.47,1
0.017733,0.017744,194,241,6.0,44.69,1
0.017742,0.017743,347,246,11.0,49.37,1
0.017728,0.017742,257,237,4.0,43.25,1
0.017747,0.017742,191,239,7.0,51.96,1
0.017732,0.017741,468,252,-3.0,45.96,0
0.017690,0.017737,1339.0,309,-26.0,34.09,0
0.017673,0.017731,519,329,-29.0,30.64,0
0.017684,0.017722,450,361,-15.0,35.36,1
0.017686,0.017718,239,365,-14.0,36.24,1
0.017665,0.017713,261,364,-14.0,31.39,1
0.017671,0.017709,343,372,-14.0,34.11,1
0.017679,0.017701,286,357,6.0,37.97,1
0.017665,0.017697,328,366,1.0,34.00,1
0.017686,0.017696,280,363,10.0,43.54,1
0.017678,0.017694,278,367,15.0,41.10,1
0.017672,0.017691,190,378,4.0,39.19,1
0.017664,0.017688,333,385,0.0,36.74,1
0.017650,0.017685,371,386,-4.0,32.87,1
0.017661,0.017682,230,385,4.0,38.37,1
0.017672,0.017681,202,385,10.0,43.36,1
0.017690,0.017682,134,368,13.0,50.44,1
0.017713,0.017685,232,313,17.0,57.71,1
0.017710,0.017688,274,301,21.0,56.55,1
0.017709,0.017690,195,282,14.0,56.14,1
0.017729,0.017693,226,271,17.0,62.03,1
0.017727,0.017697,273,273,20.0,61.14,1
0.017720,0.017699,437,282,26.0,58.03,1
0.017712,0.017700,217,275,17.0,54.60,1
0.017690,0.017699,224,272,10.0,46.48,1
0.017667,0.017696,232,271,4.0,39.81,1
0.017677,0.017694,270,270,9.0,43.60,1
0.017673,0.017692,151,261,4.0,42.45,1
0.017671,0.017690,161,255,1.0,41.85,1
0.017679,0.017689,122,247,4.0,45.16,1
0.017696,0.017690,160,232,6.0,51.48,1
0.017690,0.017690,412,243,13.0,49.32,1
0.017676,0.017688,255,239,5.0,44.62,1
0.017689,0.017689,368,239,11.0,49.44,1
0.017669,0.017687,447,250,0.0,43.21,1
0.017678,0.017686,228,251,-4.0,46.48,1
0.017676,0.017685,215,255,0.0,45.85,1
0.017695,0.017686,170,252,3.0,52.46,1
0.017680,0.017685,447,265,-11.0,46.89,1
0.017678,0.017685,447,265,-11.0,46.89,1
0.017666,0.017681,668,286,-22.0,43.83,1
0.017665,0.017679,227,276,-22.0,43.53,1
0.017645,0.017676,239,277,-20.0,37.80,1
0.017627,0.017671,277,279,-20.0,33.53,1
0.017599,0.017664,856,310,-30.0,28.19,1
0.017616,0.017660,623,328,-33.0,34.96,1
0.017617,0.017656,322,337,-18.0,35.35,1
0.017562,0.017647,1430.0,400,-37.0,26.15,1
0.017579,0.017635,346,432,-14.0,32.64,1
0.017608,0.017632,1018.0,462,11.0,41.52,2
0.017593,0.017629,293,464,7.0,38.68,1
0.017570,0.017623,548,473,-1.0,34.75,1
0.017595,0.017620,368,469,9.0,41.68,1
0.017555,0.017614,317,474,5.0,35.23,1
0.017580,0.017611,1029.0,514,-12.0,41.34,2
0.017593,0.017609,413,527,3.0,44.28,1
0.017611,0.017609,784,551,20.0,48.16,2
0.017602,0.017609,232,541,15.0,46.42,1
0.017615,0.017609,317,544,20.0,49.27,1
0.017623,0.017611,301,526,24.0,51.00,1
0.017614,0.017611,171,523,25.0,48.98,1
0.017622,0.017612,211,521,18.0,50.84,1
0.017621,0.017613,327,524,22.0,50.59,1
0.017624,0.017615,280,475,24.0,51.38,1
0.017629,0.017616,246,471,25.0,52.80,1
0.017657,0.017620,321,416,26.0,59.87,1
0.017655,0.017623,211,398,25.0,59.18,1
0.017659,0.017627,121,386,21.0,60.16,1
0.017646,0.017629,67,339,15.0,55.51,1
0.017637,0.017629,191,334,8.0,52.49,1
0.017628,0.017629,162,314,2.0,49.58,1
0.017639,0.017630,126,302,3.0,53.01,1
0.017640,0.017631,142,294,4.0,53.32,1
0.017620,0.017630,499,267,-8.0,46.67,1
0.017590,0.017626,161,254,-10.0,38.85,1
0.017598,0.017624,562,243,2.0,41.65,1
0.017637,0.017625,227,243,5.0,52.99,1
0.017638,0.017626,344,244,8.0,53.24,1
0.017635,0.017628,172,252,0.0,52.33,1
0.017679,0.017632,330,258,5.0,62.80,1
0.017652,0.017634,263,255,-2.0,54.84,1
0.017642,0.017635,191,253,-7.0,52.20,1
0.017651,0.017637,176,248,-4.0,54.33,1
0.017642,0.017637,217,247,-8.0,51.84,1
0.017650,0.017638,266,244,-12.0,53.86,1
0.017624,0.017637,212,244,-15.0,46.96,1
0.017627,0.017636,133,245,-15.0,47.79,1
0.017580,0.017631,398,261,-20.0,37.79,1
0.017574,0.017625,341,269,-22.0,36.74,1
0.017560,0.017619,379,280,-24.0,34.33,1
0.017603,0.017618,427,295,-11.0,46.04,1
0.017584,0.017614,207,298,-12.0,42.44,1
0.017606,0.017614,257,286,-4.0,47.56,1
0.017598,0.017612,210,288,1.0,45.96,1
0.017614,0.017612,204,270,5.0,49.61,1
0.017635,0.017614,222,270,9.0,54.00,1
0.017610,0.017617,369,267,4.0,48.19,1
0.017612,0.017615,513,278,-11.0,48.89,1
0.017601,0.017614,239,277,-3.0,46.60,1
0.017626,0.017615,220,279,2.0,52.08,1
0.017634,0.017617,141,277,4.0,53.72,1
0.017623,0.017617,127,272,1.0,51.13,1
0.017613,0.017617,128,266,-1.0,48.83,1
0.017592,0.017615,324,271,-7.0,44.32,1
0.017597,0.017613,418,285,-13.0,45.61,1
0.017599,0.017612,176,274,-6.0,46.14,1
0.017590,0.017609,275,271,-9.0,44.04,1
0.017599,0.017608,212,263,-3.0,46.66,1
0.017569,0.017605,700,276,-14.0,39.94,1
0.017577,0.017602,271,280,-15.0,42.33,1
0.017565,0.017599,181,276,-14.0,39.77,1
0.017612,0.017600,631,297,2.0,51.98,2
0.017610,0.017601,145,294,6.0,51.50,1
0.017797,0.017619,3517.0,458,70.0,74.83,1
0.017785,0.017635,4324.0,657,135.0,72.42,1
0.017804,0.017665,1028.0,744,78.0,73.92,1
0.017752,0.017682,636,776,16.0,63.24,1
0.017762,0.017690,693,799,21.0,64.36,1
0.017779,0.017698,392,812,18.0,66.24,1
0.017777,0.017706,556,833,18.0,65.80,1
0.017785,0.017713,438,849,15.0,66.76,1
0.017767,0.017718,431,854,-2.0,62.54,1
0.017745,0.017721,311,849,-15.0,57.73,1
0.017742,0.017723,268,854,-23.0,57.09,1
0.017731,0.017724,898,885,-41.0,54.68,1
0.017717,0.017722,490,880,-49.0,51.69,1
0.017720,0.017722,231,878,-39.0,52.34,1
0.017697,0.017720,480,875,-43.0,46.80,1
0.017707,0.017718,211,878,-33.0,49.31,1
0.017684,0.017715,148,710,-32.0,44.15,1
0.017745,0.017718,302,508,-21.0,57.00,1
0.017722,0.017718,652,476,-7.0,52.13,1
0.017815,0.017728,625,456,4.0,65.11,1
0.017809,0.017742,292,436,3.0,62.66,1
0.017803,0.017742,292,436,3.0,62.66,1
0.017807,0.017748,228,412,4.0,63.17,1
0.017809,0.017754,1411.0,463,27.0,63.45,1
0.017794,0.017762,283,450,0.0,59.77,1
0.017799,0.017765,203,438,0.0,60.63,1
0.017787,0.017767,347,440,-9.0,57.47,1
0.017771,0.017768,175,435,-13.0,53.47,1
0.017780,0.017769,306,406,-19.0,55.35,1
0.017767,0.017769,162,398,-21.0,52.07,1
0.017787,0.017770,224,384,-14.0,56.35,1
0.017785,0.017772,332,389,-7.0,55.82,1
0.017790,0.017773,511,402,2.0,56.92,1
0.017799,0.017776,214,388,3.0,58.91,1
0.017798,0.017778,349,395,7.0,58.59,1
0.017809,0.017783,194,426,16.0,61.24,1
0.017800,0.017785,210,404,6.0,57.89,1
0.017814,0.017787,433,394,9.0,61.43,1
0.017817,0.017790,233,371,9.0,62.16,1
0.017819,0.017793,98,361,5.0,62.67,1
0.017809,0.017795,422,371,-7.0,58.43,1
0.017814,0.017796,124,306,-7.0,59.89,1
0.017810,0.017798,110,290,-10.0,58.13,1
0.017813,0.017799,127,282,-9.0,59.10,1
0.017809,0.017800,130,279,-12.0,57.20,1
0.017797,0.017800,271,275,-17.0,51.81,1
0.017810,0.017801,155,274,-14.0,56.58,1
0.017802,0.017801,302,274,-7.0,53.10,1
0.017808,0.017802,254,278,-3.0,55.32,1
0.017860,0.017807,3270.0,431,55.0,69.02,1
0.017808,0.017807,14392.0,1134,-225.0,51.89,0
0.017817,0.017808,322,1124,-181.0,54.01,1
0.017823,0.017810,312,1129,-132.0,55.43,1
0.017825,0.017811,222,1123,-94.0,55.92,1
0.017847,0.017814,247,1091,-62.0,60.97,1
0.017853,0.017818,767,1120,-26.0,62.24,1
0.017867,0.017826,526,1139,16.0,65.30,1
0.017879,0.017834,527,1174,22.0,62.63,1
0.017850,0.017836,455,1176,17.0,56.96,1
0.017834,0.017836,509,1195,12.0,51.90,1
0.017831,0.017835,317,1206,11.0,50.99,1
0.017834,0.017835,196,1209,20.0,51.90,1
0.017813,0.017833,193,1212,20.0,45.51,1
0.017815,0.017831,181,1208,20.0,46.19,1
0.017813,0.017829,364,1218,16.0,45.58,1
0.017828,0.017829,246,1214,30.0,50.96,1
0.017856,0.017831,359,1068,37.0,59.43,1
0.017878,0.017836,200,359,39.0,64.60,1
0.017891,0.017841,2265.0,456,78.0,67.26,1
0.017881,0.017845,259,453,60.0,63.32,1
0.017880,0.017848,262,455,47.0,62.93,1
0.017863,0.017850,253,456,35.0,56.45,1
0.017858,0.017852,229,413,19.0,54.54,1
0.017852,0.017852,687,421,4.0,52.25,1
0.017859,0.017852,705,431,-7.0,54.64,1
0.017856,0.017853,94,409,-2.0,53.41,1
0.017838,0.017851,353,404,-5.0,46.60,1
0.017823,0.017849,232,390,-6.0,41.82,1
0.017862,0.017850,855,417,14.0,54.81,1
0.017865,0.017851,660,440,25.0,55.63,1
0.017852,0.017851,117,436,19.0,51.28,1
0.017829,0.017849,219,425,9.0,44.24,1
0.017822,0.017847,315,430,3.0,42.32,1
0.017837,0.017846,209,428,8.0,47.56,1
0.017823,0.017843,287,425,1.0,43.58,1
0.017809,0.017838,108,311,0.0,39.72,1
0.017816,0.017836,175,307,-2.0,42.47,1
0.017814,0.017834,151,302,2.0,41.88,1
0.017847,0.017834,186,294,8.0,54.00,2
0.017838,0.017834,142,289,9.0,50.88,1
0.017822,0.017833,252,242,0.0,45.46,1
0.017837,0.017834,193,247,4.0,50.76,2
0.017845,0.017835,214,240,8.0,53.36,1
0.017842,0.017835,129,235,9.0,52.24,1
0.017849,0.017837,158,200,10.0,54.63,1
0.017846,0.017838,102,172,6.0,53.40,1
0.017850,0.017839,235,178,10.0,54.86,1
0.017859,0.017841,280,186,13.0,58.04,1
0.017871,0.017844,334,192,15.0,61.90,1
0.017874,0.017846,202,187,15.0,62.82,1
0.017888,0.017850,254,189,16.0,66.84,1
0.017895,0.017855,458,197,20.0,68.67,1
0.017919,0.017861,240,205,18.0,73.96,1
0.017926,0.017867,519,225,22.0,75.28,1
0.017879,0.017868,353,234,9.0,55.17,0
0.017840,0.017866,560,281,-23.0,43.52,1
0.017804,0.017860,9555.0,752,-196.0,35.76,1
0.017827,0.017857,984,792,-134.0,42.78,1
0.017822,0.017847,1385.0,875,-38.0,42.56,1
0.017820,0.017845,474,892,-15.0,42.09,1
0.017822,0.017843,238,896,0.0,42.78,1
0.017814,0.017840,2520.0,1017,-39.0,40.69,1
0.017809,0.017837,650,1038,-34.0,39.40,1
0.017810,0.017834,541,1051,-9.0,39.81,1
0.017819,0.017833,510,1060,11.0,43.53,1
0.017839,0.017833,678,1083,30.0,50.81,1
0.017838,0.017836,918,1259,10.0,49.98,1
0.017845,0.017837,178,1242,13.0,52.39,1
0.017824,0.017836,681,1258,6.0,45.33,1
0.017823,0.017834,749,1287,-1.0,45.01,1
0.017815,0.017833,344,1272,1.0,42.50,1
0.017813,0.017831,256,1257,4.0,41.87,1
0.017805,0.017828,359,797,5.0,39.36,1
0.017777,0.017823,228,759,9.0,32.10,1
0.017772,0.017819,280,752,10.0,31.00,1
0.017771,0.017810,251,688,21.0,31.02,1
0.017786,0.017805,276,677,36.0,39.12,1
0.017807,0.017805,248,564,39.0,48.40,1
0.017809,0.017805,237,543,42.0,49.19,1
0.017824,0.017807,165,505,41.0,55.19,1
0.017801,0.017807,130,478,35.0,46.19,1
0.017799,0.017806,254,471,28.0,45.49,1
0.017800,0.017805,180,323,22.0,45.93,1
0.017797,0.017804,212,284,15.0,44.71,1
0.017809,0.017805,114,255,17.0,50.51,1
0.017801,0.017804,384,236,13.0,47.06,1
0.017799,0.017803,197,233,10.0,46.14,1
0.017781,0.017801,247,228,6.0,38.79,1
0.017780,0.017799,265,230,1.0,38.42,1
0.017792,0.017799,277,229,9.0,45.12,1
0.017770,0.017796,159,219,6.0,37.14,1
0.017778,0.017794,144,214,4.0,41.21,1
0.017785,0.017793,409,223,13.0,44.59,1
0.017783,0.017792,506,235,3.0,43.82,1
0.017773,0.017790,152,230,0.0,40.07,1
0.017781,0.017790,178,227,6.0,44.18,1
0.017784,0.017789,638,252,18.0,45.69,1
0.017783,0.017788,286,258,20.0,45.25,1
0.017803,0.017790,170,260,20.0,54.63,1
0.017823,0.017793,524,274,26.0,61.69,1
0.017814,0.017795,213,275,24.0,57.36,1
0.017813,0.017797,209,281,14.0,56.89,1
0.017797,0.017797,266,283,5.0,49.75,1
0.017796,0.017797,166,286,0.0,49.33,1
0.017782,0.017795,245,282,-5.0,43.80,1
0.017812,0.017797,330,559,70.0,55.61,1
0.017796,0.017800,287,564,25.0,48.50,1
0.017801,0.017800,410,576,21.0,50.62,1
0.017772,0.017797,626,600,-2.0,40.25,1
0.017755,0.017793,220,591,-12.0,35.64,1
0.017760,0.017790,396,585,-23.0,37.90,1
0.017745,0.017786,141,585,-27.0,34.05,1
0.017758,0.017783,307,591,-21.0,39.76,1
0.017776,0.017782,328,576,-16.0,46.65,1
0.017767,0.017781,206,572,-15.0,43.94,1
0.017770,0.017780,222,574,-14.0,45.09,1
0.017765,0.017778,128,555,-18.0,43.49,1
0.017769,0.017778,111,549,-18.0,45.16,1
0.017776,0.017777,148,546,-17.0,48.05,1
0.017784,0.017778,170,542,-15.0,51.22,1
0.017763,0.017777,520,559,-27.0,43.69,0
0.017759,0.017775,255,560,-30.0,42.41,1
0.017742,0.017772,293,285,-33.0,37.40,0
0.017733,0.017768,573,297,-40.0,35.04,0
0.017734,0.017765,341,302,-29.0,35.53,1
0.017721,0.017761,229,295,-30.0,32.16,1
0.017716,0.017756,242,293,-31.0,30.94,1
0.017698,0.017751,332,289,-32.0,26.98,1
0.017686,0.017745,247,270,-32.0,24.71,1
0.017690,0.017739,245,272,-31.0,26.92,1
0.017694,0.017735,337,269,-19.0,29.16,1
0.017683,0.017727,189,271,-14.0,32.75,1
0.017687,0.017723,207,264,-14.0,31.01,1
0.017671,0.017718,235,266,-16.0,27.41,1
0.017693,0.017716,686,289,0.0,38.05,1
0.017688,0.017713,350,300,7.0,36.73,1
0.017685,0.017710,238,307,1.0,35.93,1
0.017669,0.017706,310,315,-4.0,31.92,1
0.017665,0.017702,238,318,-8.0,30.98,1
0.017682,0.017699,155,299,2.0,39.49,1
0.017675,0.017697,292,299,-3.0,37.47,1
0.017667,0.017694,706,305,-16.0,35.25,1
0.017671,0.017692,460,311,-3.0,37.25,1
0.017672,0.017690,204,310,2.0,37.77,1
0.017625,0.017684,631,330,-9.0,26.64,1
0.017632,0.017679,1253.0,376,-30.0,29.95,1
0.017619,0.017673,357,381,-28.0,27.47,1
0.017646,0.017670,966,417,-3.0,38.80,1
0.017645,0.017668,186,410,3.0,38.56,1
0.017658,0.017667,367,413,11.0,43.47,1
0.017655,0.017666,555,432,20.0,42.62,1
0.017656,0.017665,555,449,7.0,43.02,1
0.017668,0.017665,378,456,14.0,47.70,1
0.017649,0.017664,156,430,8.0,41.84,1
0.017645,0.017660,332,449,5.0,41.44,1
0.017617,0.017655,783,476,-13.0,33.92,1
0.017605,0.017650,601,498,-21.0,31.28,1
0.017633,0.017648,393,504,-7.0,42.54,1
0.017621,0.017644,272,469,-4.0,39.33,1
0.017620,0.017642,581,488,-12.0,39.07,1
0.017615,0.017639,225,468,-12.0,37.71,1
0.017597,0.017635,955,453,-25.0,33.22,1
0.017610,0.017632,1240.0,583,-26.0,40.08,1
0.017588,0.017628,1102.0,629,-37.0,35.01,1
0.017587,0.017620,385,621,-15.0,34.78,1
0.017588,0.017617,351,611,0.0,35.24,1
0.017591,0.017615,244,604,9.0,36.69,1
0.017612,0.017614,165,605,16.0,45.83,2
0.017629,0.017616,305,603,22.0,51.88,2
0.017653,0.017619,290,586,27.0,58.87,1
0.017666,0.017624,334,586,32.0,62.08,1
0.017670,0.017628,207,586,33.0,63.04,1
0.017677,0.017633,333,563,35.0,64.72,1
0.017653,0.017635,1033.0,585,11.0,55.43,1
0.017616,0.017633,372,584,5.0,44.76,0
0.017605,0.017630,253,586,2.0,42.16,1
0.017604,0.017628,434,594,13.0,41.93,1
0.017627,0.017628,351,582,19.0,49.05,1
0.017600,0.017625,759,609,3.0,42.46,0
0.017604,0.017623,262,574,0.0,43.67,1
0.017619,0.017623,222,451,6.0,48.07,1
0.017597,0.017620,332,406,1.0,42.79,0
0.017601,0.017618,186,360,0.0,44.00,1
0.017585,0.017615,196,351,-1.0,40.34,1
0.017578,0.017609,179,335,3.0,38.75,1
0.017583,0.017606,247,335,9.0,40.60,1
0.017574,0.017603,127,333,7.0,38.36,1
0.017575,0.017601,250,331,4.0,38.76,1
0.017562,0.017595,616,384,10.0,36.07,1
0.017546,0.017590,424,395,2.0,32.43,1
0.017517,0.017583,695,413,-11.0,27.10,1
0.017509,0.017576,374,380,-13.0,25.84,1
0.017531,0.017572,553,389,2.0,34.83,1
0.017517,0.017567,329,393,-2.0,32.16,1
0.017528,0.017563,1190.0,431,22.0,36.29,1
0.017529,0.017560,610,443,30.0,36.67,1
0.017521,0.017556,1395.0,475,-1.0,34.89,1
0.017510,0.017552,319,478,-5.0,32.54,1
0.017504,0.017547,634,499,-15.0,31.31,1
0.017470,0.017540,1396.0,552,-36.0,25.42,1
0.017471,0.017533,555,570,-36.0,25.86,1
0.017473,0.017528,364,579,-19.0,26.80,1
0.017474,0.017522,346,584,-5.0,27.29,1
0.017469,0.017517,397,595,-8.0,26.33,1
0.017473,0.017513,217,593,1.0,28.49,1
0.017481,0.017510,184,596,7.0,32.73,1
0.017479,0.017507,242,596,13.0,32.22,1
0.017477,0.017504,314,558,19.0,31.68,1
0.017542,0.017504,819,582,21.0,57.01,2
0.017533,0.017507,776,586,33.0,54.39,1
0.017510,0.017507,413,588,20.0,48.29,1
0.017507,0.017507,175,569,14.0,47.54,1
0.017519,0.017508,281,567,18.0,50.83,2
0.017529,0.017510,443,530,23.0,53.45,2
0.017517,0.017511,245,512,14.0,50.01,1
0.017519,0.017512,481,466,2.0,50.58,1
0.017538,0.017514,425,471,11.0,55.75,1
0.017543,0.017517,224,451,13.0,57.02,1
0.017530,0.017518,121,387,7.0,52.77,1
0.017573,0.017524,194,357,6.0,62.95,2
0.017541,0.017526,559,367,-6.0,53.66,1
0.017543,0.017529,115,350,-4.0,53.77,1
0.017532,0.017530,131,347,-5.0,50.77,1
0.017536,0.017530,429,356,-12.0,51.82,1
0.017523,0.017531,220,346,-3.0,47.97,1
0.017524,0.017530,93,310,-4.0,48.26,1
0.017530,0.017530,216,282,0.0,50.03,1
0.017497,0.017527,279,275,-5.0,41.60,1
0.017498,0.017524,643,299,-15.0,41.92,1
0.017501,0.017521,129,279,-9.0,43.33,1
0.017518,0.017520,154,274,-3.0,48.73,1
0.017534,0.017522,256,263,2.0,53.24,2
0.017575,0.017527,501,267,12.0,62.38,2
0.017582,0.017532,288,270,15.0,63.68,1
0.017583,0.017537,317,280,17.0,63.87,1
0.017580,0.017541,154,281,16.0,62.80,1
0.017592,0.017546,322,288,18.0,65.32,1
0.017595,0.017551,152,267,16.0,65.94,1
0.017545,0.017554,588,289,-2.0,48.99,0
0.017552,0.017553,264,287,-3.0,51.03,1
0.017542,0.017552,220,268,-7.0,48.07,1
0.017554,0.017552,325,273,0.0,51.69,1
0.017538,0.017551,121,274,-5.0,46.98,1
0.017534,0.017549,405,284,-12.0,45.86,0
0.017543,0.017549,131,276,-8.0,48.83,1
0.017551,0.017549,266,257,-3.0,51.38,1
0.017535,0.017547,454,270,-11.0,46.40,0
0.017527,0.017546,299,279,-15.0,44.09,1
0.017502,0.017539,406,299,-23.0,37.55,1
0.017519,0.017537,272,288,-14.0,43.85,1
0.017508,0.017534,196,283,-14.0,40.97,1
0.017517,0.017533,205,277,-6.0,44.20,1
0.017540,0.017533,235,282,0.0,51.50,1
0.017527,0.017533,331,282,-6.0,47.70,1
0.017516,0.017531,349,292,-10.0,44.70,1
0.017517,0.017530,782,325,-22.0,45.04,2
0.017538,0.017531,176,304,-13.0,51.73,2
